,Pclass,Sex,Age,Embarked,Survived,Fare
0,3,male,22.0,S,0,7.25
1,1,female,38.0,C,1,65.6344
2,3,female,26.0,S,1,7.925
3,1,female,35.0,S,1,53.1
4,3,male,35.0,S,0,8.05
5,3,male,29.0,Q,0,8.4583
6,1,male,54.0,S,0,51.8625
7,3,male,2.5,S,0,21.075
8,3,female,27.0,S,1,11.1333
9,2,female,14.0,C,1,30.0708
10,3,female,4.0,S,1,16.7
11,1,female,54.5,S,1,26.55
12,3,male,20.0,S,0,8.05
13,3,male,39.0,S,0,31.275
14,3,female,14.0,S,0,7.8542
15,2,female,54.5,S,1,16.0
16,3,male,2.5,Q,0,29.125
17,2,male,29.0,S,1,13.0
18,3,female,31.0,S,0,18.0
19,3,female,29.0,C,1,7.225
20,2,male,35.0,S,0,26.0
21,2,male,34.0,S,1,13.0
22,3,female,15.0,Q,1,8.0292
23,1,male,28.0,S,1,35.5
24,3,female,8.0,S,0,21.075
25,3,female,38.0,S,1,31.3875
26,3,male,29.0,C,0,7.225
27,1,male,19.0,S,0,65.6344
28,3,female,29.0,Q,1,7.8792
29,3,male,29.0,S,0,7.8958
30,1,male,40.0,C,0,27.7208
31,1,female,29.0,C,1,65.6344
32,3,female,29.0,Q,1,7.75
33,2,male,54.5,S,0,10.5
34,1,male,28.0,C,0,65.6344
35,1,male,42.0,S,0,52.0
36,3,male,29.0,C,1,7.2292
37,3,male,21.0,S,0,8.05
38,3,female,18.0,S,0,18.0
39,3,female,14.0,C,1,11.2417
40,3,female,40.0,S,0,9.475
41,2,female,27.0,S,0,21.0
42,3,male,29.0,C,0,7.8958
43,2,female,3.0,C,1,41.5792
44,3,female,19.0,Q,1,7.8792
45,3,male,29.0,S,0,8.05
46,3,male,29.0,Q,0,15.5
47,3,female,29.0,Q,1,7.75
48,3,male,29.0,C,0,21.6792
49,3,female,18.0,S,0,17.8
50,3,male,7.0,S,0,39.6875
51,3,male,21.0,S,0,7.8
52,1,female,49.0,C,1,65.6344
53,2,female,29.0,S,1,26.0
54,1,male,54.5,C,0,61.9792
55,1,male,29.0,S,1,35.5
56,2,female,21.0,S,1,10.5
57,3,male,28.0,C,0,7.2292
58,2,female,5.0,S,1,27.75
59,3,male,11.0,S,0,46.9
60,3,male,22.0,C,0,7.2292
61,1,female,38.0,S,1,65.6344
62,1,male,45.0,S,0,65.6344
63,3,male,4.0,S,0,27.9
64,1,male,29.0,C,0,27.7208
65,3,male,29.0,C,1,15.2458
66,2,female,29.0,S,1,10.5
67,3,male,19.0,S,0,8.1583
68,3,female,17.0,S,1,7.925
69,3,male,26.0,S,0,8.6625
70,2,male,32.0,S,0,10.5
71,3,female,16.0,S,0,46.9
72,2,male,21.0,S,0,65.6344
73,3,male,26.0,C,0,14.4542
74,3,male,32.0,S,1,56.4958
75,3,male,25.0,S,0,7.65
76,3,male,29.0,S,0,7.8958
77,3,male,29.0,S,0,8.05
78,2,male,2.5,S,1,29.0
79,3,female,30.0,S,1,12.475
80,3,male,22.0,S,0,9.0
81,3,male,29.0,S,1,9.5
82,3,female,29.0,Q,1,7.7875
83,1,male,28.0,S,0,47.1
84,2,female,17.0,S,1,10.5
85,3,female,33.0,S,1,15.85
86,3,male,16.0,S,0,34.375
87,3,male,29.0,S,0,8.05
88,1,female,23.0,S,1,65.6344
89,3,male,24.0,S,0,8.05
90,3,male,29.0,S,0,8.05
91,3,male,20.0,S,0,7.8542
92,1,male,46.0,S,0,61.175
93,3,male,26.0,S,0,20.575
94,3,male,54.5,S,0,7.25
95,3,male,29.0,S,0,8.05
96,1,male,54.5,C,0,34.6542
97,1,male,23.0,C,1,63.3583
98,2,female,34.0,S,1,23.0
99,2,male,34.0,S,0,26.0
100,3,female,28.0,S,0,7.8958
101,3,male,29.0,S,0,7.8958
102,1,male,21.0,S,0,65.6344
103,3,male,33.0,S,0,8.6542
104,3,male,37.0,S,0,7.925
105,3,male,28.0,S,0,7.8958
106,3,female,21.0,S,1,7.65
107,3,male,29.0,S,1,7.775
108,3,male,38.0,S,0,7.8958
109,3,female,29.0,Q,1,24.15
110,1,male,47.0,S,0,52.0
111,3,female,14.0,C,0,14.4542
112,3,male,22.0,S,0,8.05
113,3,female,20.0,S,0,9.825
114,3,female,17.0,C,0,14.4583
115,3,male,21.0,S,0,7.925
116,3,male,54.5,Q,0,7.75
117,2,male,29.0,S,0,21.0
118,1,male,24.0,C,0,65.6344
119,3,female,2.5,S,0,31.275
120,2,male,21.0,S,0,65.6344
121,3,male,29.0,S,0,8.05
122,2,male,32.0,C,0,30.0708
123,2,female,32.0,S,1,13.0
124,1,male,54.0,S,0,65.6344
125,3,male,12.0,C,1,11.2417
126,3,male,29.0,Q,0,7.75
127,3,male,24.0,S,1,7.1417
128,3,female,29.0,C,1,22.3583
129,3,male,45.0,S,0,6.975
130,3,male,33.0,C,0,7.8958
131,3,male,20.0,S,0,7.05
132,3,female,47.0,S,0,14.5
133,2,female,29.0,S,1,26.0
134,2,male,25.0,S,0,13.0
135,2,male,23.0,C,0,15.0458
136,1,female,19.0,S,1,26.2833
137,1,male,37.0,S,0,53.1
138,3,male,16.0,S,0,9.2167
139,1,male,24.0,C,0,65.6344
140,3,female,29.0,C,0,15.2458
141,3,female,22.0,S,1,7.75
142,3,female,24.0,S,1,15.85
143,3,male,19.0,Q,0,6.75
144,2,male,18.0,S,0,11.5
145,2,male,19.0,S,0,36.75
146,3,male,27.0,S,1,7.7958
147,3,female,9.0,S,0,34.375
148,2,male,36.0,S,0,26.0
149,2,male,42.0,S,0,13.0
150,2,male,51.0,S,0,12.525
151,1,female,22.0,S,1,65.6344
152,3,male,54.5,S,0,8.05
153,3,male,40.0,S,0,14.5
154,3,male,29.0,S,0,7.3125
155,1,male,51.0,C,0,61.3792
156,3,female,16.0,Q,1,7.7333
157,3,male,30.0,S,0,8.05
158,3,male,29.0,S,0,8.6625
159,3,male,29.0,S,0,65.6344
160,3,male,44.0,S,0,16.1
161,2,female,40.0,S,1,15.75
162,3,male,26.0,S,0,7.775
163,3,male,17.0,S,0,8.6625
164,3,male,2.5,S,0,39.6875
165,3,male,9.0,S,1,20.525
166,1,female,29.0,S,1,55.0
167,3,female,45.0,S,0,27.9
168,1,male,29.0,S,0,25.925
169,3,male,28.0,S,0,56.4958
170,1,male,54.5,S,0,33.5
171,3,male,4.0,Q,0,29.125
172,3,female,2.5,S,1,11.1333
173,3,male,21.0,S,0,7.925
174,1,male,54.5,C,0,30.6958
175,3,male,18.0,S,0,7.8542
176,3,male,29.0,S,0,25.4667
177,1,female,50.0,C,0,28.7125
178,2,male,30.0,S,0,13.0
179,3,male,36.0,S,0,0.0
180,3,female,29.0,S,0,65.6344
181,2,male,29.0,C,0,15.05
182,3,male,9.0,S,0,31.3875
183,2,male,2.5,S,1,39.0
184,3,female,4.0,S,1,22.025
185,1,male,29.0,S,0,50.0
186,3,female,29.0,Q,1,15.5
187,1,male,45.0,S,1,26.55
188,3,male,40.0,Q,0,15.5
189,3,male,36.0,S,0,7.8958
190,2,female,32.0,S,1,13.0
191,2,male,19.0,S,0,13.0
192,3,female,19.0,S,1,7.8542
193,2,male,3.0,S,1,26.0
194,1,female,44.0,C,1,27.7208
195,1,female,54.5,C,1,65.6344
196,3,male,29.0,Q,0,7.75
197,3,male,42.0,S,0,8.4042
198,3,female,29.0,Q,1,7.75
199,2,female,24.0,S,0,13.0
200,3,male,28.0,S,0,9.5
201,3,male,29.0,S,0,65.6344
202,3,male,34.0,S,0,6.4958
203,3,male,45.0,C,0,7.225
204,3,male,18.0,S,1,8.05
205,3,female,2.5,S,0,10.4625
206,3,male,32.0,S,0,15.85
207,3,male,26.0,C,1,18.7875
208,3,female,16.0,Q,1,7.75
209,1,male,40.0,C,1,31.0
210,3,male,24.0,S,0,7.05
211,2,female,35.0,S,1,21.0
212,3,male,22.0,S,0,7.25
213,2,male,30.0,S,0,13.0
214,3,male,29.0,Q,0,7.75
215,1,female,31.0,C,1,65.6344
216,3,female,27.0,S,1,7.925
217,2,male,42.0,S,0,27.0
218,1,female,32.0,C,1,65.6344
219,2,male,30.0,S,0,10.5
220,3,male,16.0,S,1,8.05
221,2,male,27.0,S,0,13.0
222,3,male,51.0,S,0,8.05
223,3,male,29.0,S,0,7.8958
224,1,male,38.0,S,1,65.6344
225,3,male,22.0,S,0,9.35
226,2,male,19.0,S,1,10.5
227,3,male,20.0,S,0,7.25
228,2,male,18.0,S,0,13.0
229,3,female,29.0,S,0,25.4667
230,1,female,35.0,S,1,65.6344
231,3,male,29.0,S,0,7.775
232,2,male,54.5,S,0,13.5
233,3,female,5.0,S,1,31.3875
234,2,male,24.0,S,0,10.5
235,3,female,29.0,S,0,7.55
236,2,male,44.0,S,0,26.0
237,2,female,8.0,S,1,26.25
238,2,male,19.0,S,0,10.5
239,2,male,33.0,S,0,12.275
240,3,female,29.0,C,0,14.4542
241,3,female,29.0,Q,1,15.5
242,2,male,29.0,S,0,10.5
243,3,male,22.0,S,0,7.125
244,3,male,30.0,C,0,7.225
245,1,male,44.0,Q,0,65.6344
246,3,female,25.0,S,0,7.775
247,2,female,24.0,S,1,14.5
248,1,male,37.0,S,1,52.5542
249,2,male,54.0,S,0,26.0
250,3,male,29.0,S,0,7.25
251,3,female,29.0,S,0,10.4625
252,1,male,54.5,S,0,26.55
253,3,male,30.0,S,0,16.1
254,3,female,41.0,S,0,20.2125
255,3,female,29.0,C,1,15.2458
256,1,female,29.0,C,1,65.6344
257,1,female,30.0,S,1,65.6344
258,1,female,35.0,C,1,65.6344
259,2,female,50.0,S,1,26.0
260,3,male,29.0,Q,0,7.75
261,3,male,3.0,S,1,31.3875
262,1,male,52.0,S,0,65.6344
263,1,male,40.0,S,0,0.0
264,3,female,29.0,Q,0,7.75
265,2,male,36.0,S,0,10.5
266,3,male,16.0,S,0,39.6875
267,3,male,25.0,S,1,7.775
268,1,female,54.5,S,1,65.6344
269,1,female,35.0,S,1,65.6344
270,1,male,29.0,S,0,31.0
271,3,male,25.0,S,1,0.0
272,2,female,41.0,S,1,19.5
273,1,male,37.0,C,0,29.7
274,3,female,29.0,Q,1,7.75
275,1,female,54.5,S,1,65.6344
276,3,female,45.0,S,0,7.75
277,2,male,29.0,S,0,0.0
278,3,male,7.0,Q,0,29.125
279,3,female,35.0,S,1,20.25
280,3,male,54.5,Q,0,7.75
281,3,male,28.0,S,0,7.8542
282,3,male,16.0,S,0,9.5
283,3,male,19.0,S,1,8.05
284,1,male,29.0,S,0,26.0
285,3,male,33.0,C,0,8.6625
286,3,male,30.0,S,1,9.5
287,3,male,22.0,S,0,7.8958
288,2,male,42.0,S,1,13.0
289,3,female,22.0,Q,1,7.75
290,1,female,26.0,S,1,65.6344
291,1,female,19.0,C,1,65.6344
292,2,male,36.0,C,0,12.875
293,3,female,24.0,S,0,8.85
294,3,male,24.0,S,0,7.8958
295,1,male,29.0,C,0,27.7208
296,3,male,23.0,C,0,7.2292
297,1,female,2.5,S,0,65.6344
298,1,male,29.0,S,1,30.5
299,1,female,50.0,C,1,65.6344
300,3,female,29.0,Q,1,7.75
301,3,male,29.0,Q,1,23.25
302,3,male,19.0,S,0,0.0
303,2,female,29.0,Q,1,12.35
304,3,male,29.0,S,0,8.05
305,1,male,2.5,S,1,65.6344
306,1,female,29.0,C,1,65.6344
307,1,female,17.0,C,1,65.6344
308,2,male,30.0,C,0,24.0
309,1,female,30.0,C,1,56.9292
310,1,female,24.0,C,1,65.6344
311,1,female,18.0,C,1,65.6344
312,2,female,26.0,S,0,26.0
313,3,male,28.0,S,0,7.8958
314,2,male,43.0,S,0,26.25
315,3,female,26.0,S,1,7.8542
316,2,female,24.0,S,1,26.0
317,2,male,54.0,S,0,14.0
318,1,female,31.0,S,1,65.6344
319,1,female,40.0,C,1,65.6344
320,3,male,22.0,S,0,7.25
321,3,male,27.0,S,0,7.8958
322,2,female,30.0,Q,1,12.35
323,2,female,22.0,S,1,29.0
324,3,male,29.0,S,0,65.6344
325,1,female,36.0,C,1,65.6344
326,3,male,54.5,S,0,6.2375
327,2,female,36.0,S,1,13.0
328,3,female,31.0,S,1,20.525
329,1,female,16.0,C,1,57.9792
330,3,female,29.0,Q,1,23.25
331,1,male,45.0,S,0,28.5
332,1,male,38.0,S,0,65.6344
333,3,male,16.0,S,0,18.0
334,1,female,29.0,S,1,65.6344
335,3,male,29.0,S,0,7.8958
336,1,male,29.0,S,0,65.6344
337,1,female,41.0,C,1,65.6344
338,3,male,45.0,S,1,8.05
339,1,male,45.0,S,0,35.5
340,2,male,2.5,S,1,26.0
341,1,female,24.0,S,1,65.6344
342,2,male,28.0,S,0,13.0
343,2,male,25.0,S,0,13.0
344,2,male,36.0,S,0,13.0
345,2,female,24.0,S,1,13.0
346,2,female,40.0,S,1,13.0
347,3,female,29.0,S,1,16.1
348,3,male,3.0,S,1,15.9
349,3,male,42.0,S,0,8.6625
350,3,male,23.0,S,0,9.225
351,1,male,29.0,S,0,35.0
352,3,male,15.0,C,0,7.2292
353,3,male,25.0,S,0,17.8
354,3,male,29.0,C,0,7.225
355,3,male,28.0,S,0,9.5
356,1,female,22.0,S,1,55.0
357,2,female,38.0,S,0,13.0
358,3,female,29.0,Q,1,7.8792
359,3,female,29.0,Q,1,7.8792
360,3,male,40.0,S,0,27.9
361,2,male,29.0,C,0,27.7208
362,3,female,45.0,C,0,14.4542
363,3,male,35.0,S,0,7.05
364,3,male,29.0,Q,0,15.5
365,3,male,30.0,S,0,7.25
366,1,female,54.5,C,1,65.6344
367,3,female,29.0,C,1,7.2292
368,3,female,29.0,Q,1,7.75
369,1,female,24.0,C,1,65.6344
370,1,male,25.0,C,1,55.4417
371,3,male,18.0,S,0,6.4958
372,3,male,19.0,S,0,8.05
373,1,male,22.0,C,0,65.6344
374,3,female,3.0,S,0,21.075
375,1,female,29.0,C,1,65.6344
376,3,female,22.0,S,1,7.25
377,1,male,27.0,C,0,65.6344
378,3,male,20.0,C,0,4.0125
379,3,male,19.0,S,0,7.775
380,1,female,42.0,C,1,65.6344
381,3,female,2.5,C,1,15.7417
382,3,male,32.0,S,0,7.925
383,1,female,35.0,S,1,52.0
384,3,male,29.0,S,0,7.8958
385,2,male,18.0,S,0,65.6344
386,3,male,2.5,S,0,46.9
387,2,female,36.0,S,1,13.0
388,3,male,29.0,Q,0,7.7292
389,2,female,17.0,C,1,12.0
390,1,male,36.0,S,1,65.6344
391,3,male,21.0,S,1,7.7958
392,3,male,28.0,S,0,7.925
393,1,female,23.0,C,1,65.6344
394,3,female,24.0,S,1,16.7
395,3,male,22.0,S,0,7.7958
396,3,female,31.0,S,0,7.8542
397,2,male,46.0,S,0,26.0
398,2,male,23.0,S,0,10.5
399,2,female,28.0,S,1,12.65
400,3,male,39.0,S,1,7.925
401,3,male,26.0,S,0,8.05
402,3,female,21.0,S,0,9.825
403,3,male,28.0,S,0,15.85
404,3,female,20.0,S,0,8.6625
405,2,male,34.0,S,0,21.0
406,3,male,51.0,S,0,7.75
407,2,male,3.0,S,1,18.75
408,3,male,21.0,S,0,7.775
409,3,female,29.0,S,0,25.4667
410,3,male,29.0,S,0,7.8958
411,3,male,29.0,Q,0,6.8583
412,1,female,33.0,Q,1,65.6344
413,2,male,29.0,S,0,0.0
414,3,male,44.0,S,1,7.925
415,3,female,29.0,S,0,8.05
416,2,female,34.0,S,1,32.5
417,2,female,18.0,S,1,13.0
418,2,male,30.0,S,0,13.0
419,3,female,10.0,S,0,24.15
420,3,male,29.0,C,0,7.8958
421,3,male,21.0,Q,0,7.7333
422,3,male,29.0,S,0,7.875
423,3,female,28.0,S,0,14.4
424,3,male,18.0,S,0,20.2125
425,3,male,29.0,S,0,7.25
426,2,female,28.0,S,1,26.0
427,2,female,19.0,S,1,26.0
428,3,male,29.0,Q,0,7.75
429,3,male,32.0,S,1,8.05
430,1,male,28.0,S,1,26.55
431,3,female,29.0,S,1,16.1
432,2,female,42.0,S,1,26.0
433,3,male,17.0,S,0,7.125
434,1,male,50.0,S,0,55.9
435,1,female,14.0,S,1,65.6344
436,3,female,21.0,S,0,34.375
437,2,female,24.0,S,1,18.75
438,1,male,54.5,S,0,65.6344
439,2,male,31.0,S,0,10.5
440,2,female,45.0,S,1,26.25
441,3,male,20.0,S,0,9.5
442,3,male,25.0,S,0,7.775
443,2,female,28.0,S,1,13.0
444,3,male,29.0,S,1,8.1125
445,1,male,4.0,S,1,65.6344
446,2,female,13.0,S,1,19.5
447,1,male,34.0,S,1,26.55
448,3,female,5.0,C,1,19.2583
449,1,male,52.0,S,1,30.5
450,2,male,36.0,S,0,27.75
451,3,male,29.0,S,0,19.9667
452,1,male,30.0,C,0,27.75
453,1,male,49.0,C,1,65.6344
454,3,male,29.0,S,0,8.05
455,3,male,29.0,C,1,7.8958
456,1,male,54.5,S,0,26.55
457,1,female,29.0,S,1,51.8625
458,2,female,50.0,S,1,10.5
459,3,male,29.0,Q,0,7.75
460,1,male,48.0,S,1,26.55
461,3,male,34.0,S,0,8.05
462,1,male,47.0,S,0,38.5
463,2,male,48.0,S,0,13.0
464,3,male,29.0,S,0,8.05
465,3,male,38.0,S,0,7.05
466,2,male,29.0,S,0,0.0
467,1,male,54.5,S,0,26.55
468,3,male,29.0,Q,0,7.725
469,3,female,2.5,C,1,19.2583
470,3,male,29.0,S,0,7.25
471,3,male,38.0,S,0,8.6625
472,2,female,33.0,S,1,27.75
473,2,female,23.0,C,1,13.7917
474,3,female,22.0,S,0,9.8375
475,1,male,29.0,S,0,52.0
476,2,male,34.0,S,0,21.0
477,3,male,29.0,S,0,7.0458
478,3,male,22.0,S,0,7.5208
479,3,female,2.5,S,1,12.2875
480,3,male,9.0,S,0,46.9
481,2,male,29.0,S,0,0.0
482,3,male,50.0,S,0,8.05
483,3,female,54.5,S,1,9.5875
484,1,male,25.0,C,1,65.6344
485,3,female,29.0,S,0,25.4667
486,1,female,35.0,S,1,65.6344
487,1,male,54.5,C,0,29.7
488,3,male,30.0,S,0,8.05
489,3,male,9.0,S,1,15.9
490,3,male,29.0,S,0,19.9667
491,3,male,21.0,S,0,7.25
492,1,male,54.5,S,0,30.5
493,1,male,54.5,C,0,49.5042
494,3,male,21.0,S,0,8.05
495,3,male,29.0,C,0,14.4583
496,1,female,54.0,C,1,65.6344
497,3,male,29.0,S,0,15.1
498,1,female,25.0,S,0,65.6344
499,3,male,24.0,S,0,7.7958
500,3,male,17.0,S,0,8.6625
501,3,female,21.0,Q,0,7.75
502,3,female,29.0,Q,0,7.6292
503,3,female,37.0,S,0,9.5875
504,1,female,16.0,S,1,65.6344
505,1,male,18.0,C,0,65.6344
506,2,female,33.0,S,1,26.0
507,1,male,29.0,S,1,26.55
508,3,male,28.0,S,0,22.525
509,3,male,26.0,S,1,56.4958
510,3,male,29.0,Q,1,7.75
511,3,male,29.0,S,0,8.05
512,1,male,36.0,S,1,26.2875
513,1,female,54.0,C,1,59.4
514,3,male,24.0,S,0,7.4958
515,1,male,47.0,S,0,34.0208
516,2,female,34.0,S,1,10.5
517,3,male,29.0,Q,0,24.15
518,2,female,36.0,S,1,26.0
519,3,male,32.0,S,0,7.8958
520,1,female,30.0,S,1,65.6344
521,3,male,22.0,S,0,7.8958
522,3,male,29.0,C,0,7.225
523,1,female,44.0,C,1,57.9792
524,3,male,29.0,C,0,7.2292
525,3,male,40.0,Q,0,7.75
526,2,female,50.0,S,1,10.5
527,1,male,29.0,S,0,65.6344
528,3,male,39.0,S,0,7.925
529,2,male,23.0,S,0,11.5
530,2,female,2.5,S,1,26.0
531,3,male,29.0,C,0,7.2292
532,3,male,17.0,C,0,7.2292
533,3,female,29.0,C,1,22.3583
534,3,female,30.0,S,0,8.6625
535,2,female,7.0,S,1,26.25
536,1,male,45.0,S,0,26.55
537,1,female,30.0,C,1,65.6344
538,3,male,29.0,S,0,14.5
539,1,female,22.0,C,1,49.5
540,1,female,36.0,S,1,65.6344
541,3,female,9.0,S,0,31.275
542,3,female,11.0,S,0,31.275
543,2,male,32.0,S,1,26.0
544,1,male,50.0,C,0,65.6344
545,1,male,54.5,S,0,26.0
546,2,female,19.0,S,1,26.0
547,2,male,29.0,C,1,13.8625
548,3,male,33.0,S,0,20.525
549,2,male,8.0,S,1,36.75
550,1,male,17.0,C,1,65.6344
551,2,male,27.0,S,0,26.0
552,3,male,29.0,Q,0,7.8292
553,3,male,22.0,C,1,7.225
554,3,female,22.0,S,1,7.775
555,1,male,54.5,S,0,26.55
556,1,female,48.0,C,1,39.6
557,1,male,29.0,C,0,65.6344
558,1,female,39.0,S,1,65.6344
559,3,female,36.0,S,1,17.4
560,3,male,29.0,Q,0,7.75
561,3,male,40.0,S,0,7.8958
562,2,male,28.0,S,0,13.5
563,3,male,29.0,S,0,8.05
564,3,female,29.0,S,0,8.05
565,3,male,24.0,S,0,24.15
566,3,male,19.0,S,0,7.8958
567,3,female,29.0,S,0,21.075
568,3,male,29.0,C,0,7.2292
569,3,male,32.0,S,1,7.8542
570,2,male,54.5,S,1,10.5
571,1,female,53.0,S,1,51.4792
572,1,male,36.0,S,1,26.3875
573,3,female,29.0,Q,1,7.75
574,3,male,16.0,S,0,8.05
575,3,male,19.0,S,0,14.5
576,2,female,34.0,S,1,13.0
577,1,female,39.0,S,1,55.9
578,3,female,29.0,C,0,14.4583
579,3,male,32.0,S,1,7.925
580,2,female,25.0,S,1,30.0
581,1,female,39.0,C,1,65.6344
582,2,male,54.0,S,0,26.0
583,1,male,36.0,C,0,40.125
584,3,male,29.0,C,0,8.7125
585,1,female,18.0,S,1,65.6344
586,2,male,47.0,S,0,15.0
587,1,male,54.5,C,1,65.6344
588,3,male,22.0,S,0,8.05
589,3,male,29.0,S,0,8.05
590,3,male,35.0,S,0,7.125
591,1,female,52.0,C,1,65.6344
592,3,male,47.0,S,0,7.25
593,3,female,29.0,Q,0,7.75
594,2,male,37.0,S,0,26.0
595,3,male,36.0,S,0,24.15
596,2,female,29.0,S,1,33.0
597,3,male,49.0,S,0,0.0
598,3,male,29.0,C,0,7.225
599,1,male,49.0,C,1,56.9292
600,2,female,24.0,S,1,27.0
601,3,male,29.0,S,0,7.8958
602,1,male,29.0,S,0,42.4
603,3,male,44.0,S,0,8.05
604,1,male,35.0,C,1,26.55
605,3,male,36.0,S,0,15.55
606,3,male,30.0,S,0,7.8958
607,1,male,27.0,S,1,30.5
608,2,female,22.0,C,1,41.5792
609,1,female,40.0,S,1,65.6344
610,3,female,39.0,S,0,31.275
611,3,male,29.0,S,0,7.05
612,3,female,29.0,Q,1,15.5
613,3,male,29.0,Q,0,7.75
614,3,male,35.0,S,0,8.05
615,2,female,24.0,S,1,65.0
616,3,male,34.0,S,0,14.4
617,3,female,26.0,S,0,16.1
618,2,female,4.0,S,1,39.0
619,2,male,26.0,S,0,10.5
620,3,male,27.0,C,0,14.4542
621,1,male,42.0,S,1,52.5542
622,3,male,20.0,C,1,15.7417
623,3,male,21.0,S,0,7.8542
624,3,male,21.0,S,0,16.1
625,1,male,54.5,S,0,32.3208
626,2,male,54.5,Q,0,12.35
627,1,female,21.0,S,1,65.6344
628,3,male,26.0,S,0,7.8958
629,3,male,29.0,Q,0,7.7333
630,1,male,54.5,S,1,30.0
631,3,male,51.0,S,0,7.0542
632,1,male,32.0,C,1,30.5
633,1,male,29.0,S,0,0.0
634,3,female,9.0,S,0,27.9
635,2,female,28.0,S,1,13.0
636,3,male,32.0,S,0,7.925
637,2,male,31.0,S,0,26.25
638,3,female,41.0,S,0,39.6875
639,3,male,29.0,S,0,16.1
640,3,male,20.0,S,0,7.8542
641,1,female,24.0,C,1,65.6344
642,3,female,2.5,S,0,27.9
643,3,male,29.0,S,1,56.4958
644,3,female,2.5,C,1,19.2583
645,1,male,48.0,C,1,65.6344
646,3,male,19.0,S,0,7.8958
647,1,male,54.5,C,1,35.5
648,3,male,29.0,S,0,7.55
649,3,female,23.0,S,1,7.55
650,3,male,29.0,S,0,7.8958
651,2,female,18.0,S,1,23.0
652,3,male,21.0,S,0,8.4333
653,3,female,29.0,Q,1,7.8292
654,3,female,18.0,Q,0,6.75
655,2,male,24.0,S,0,65.6344
656,3,male,29.0,S,0,7.8958
657,3,female,32.0,Q,0,15.5
658,2,male,23.0,S,0,13.0
659,1,male,54.5,C,0,65.6344
660,1,male,50.0,S,1,65.6344
661,3,male,40.0,C,0,7.225
662,1,male,47.0,S,0,25.5875
663,3,male,36.0,S,0,7.4958
664,3,male,20.0,S,1,7.925
665,2,male,32.0,S,0,65.6344
666,2,male,25.0,S,0,13.0
667,3,male,29.0,S,0,7.775
668,3,male,43.0,S,0,8.05
669,1,female,29.0,S,1,52.0
670,2,female,40.0,S,1,39.0
671,1,male,31.0,S,0,52.0
672,2,male,54.5,S,0,10.5
673,2,male,31.0,S,1,13.0
674,2,male,29.0,S,0,0.0
675,3,male,18.0,S,0,7.775
676,3,male,24.0,S,0,8.05
677,3,female,18.0,S,1,9.8417
678,3,female,43.0,S,0,46.9
679,1,male,36.0,C,1,65.6344
680,3,female,29.0,Q,0,8.1375
681,1,male,27.0,C,1,65.6344
682,3,male,20.0,S,0,9.225
683,3,male,14.0,S,0,46.9
684,2,male,54.5,S,0,39.0
685,2,male,25.0,C,0,41.5792
686,3,male,14.0,S,0,39.6875
687,3,male,19.0,S,0,10.1708
688,3,male,18.0,S,0,7.7958
689,1,female,15.0,S,1,65.6344
690,1,male,31.0,S,1,57.0
691,3,female,4.0,C,1,13.4167
692,3,male,29.0,S,1,56.4958
693,3,male,25.0,C,0,7.225
694,1,male,54.5,S,0,26.55
695,2,male,52.0,S,0,13.5
696,3,male,44.0,S,0,8.05
697,3,female,29.0,Q,1,7.7333
698,1,male,49.0,C,0,65.6344
699,3,male,42.0,S,0,7.65
700,1,female,18.0,C,1,65.6344
701,1,male,35.0,S,1,26.2875
702,3,female,18.0,C,0,14.4542
703,3,male,25.0,Q,0,7.7417
704,3,male,26.0,S,0,7.8542
705,2,male,39.0,S,0,26.0
706,2,female,45.0,S,1,13.5
707,1,male,42.0,S,1,26.2875
708,1,female,22.0,S,1,65.6344
709,3,male,29.0,C,1,15.2458
710,1,female,24.0,C,1,49.5042
711,1,male,29.0,S,0,26.55
712,1,male,48.0,S,1,52.0
713,3,male,29.0,S,0,9.4833
714,2,male,52.0,S,0,13.0
715,3,male,19.0,S,0,7.65
716,1,female,38.0,C,1,65.6344
717,2,female,27.0,S,1,10.5
718,3,male,29.0,Q,0,15.5
719,3,male,33.0,S,0,7.775
720,2,female,6.0,S,1,33.0
721,3,male,17.0,S,0,7.0542
722,2,male,34.0,S,0,13.0
723,2,male,50.0,S,0,13.0
724,1,male,27.0,S,1,53.1
725,3,male,20.0,S,0,8.6625
726,2,female,30.0,S,1,21.0
727,3,female,29.0,Q,1,7.7375
728,2,male,25.0,S,0,26.0
729,3,female,25.0,S,0,7.925
730,1,female,29.0,S,1,65.6344
731,3,male,11.0,C,0,18.7875
732,2,male,29.0,S,0,0.0
733,2,male,23.0,S,0,13.0
734,2,male,23.0,S,0,13.0
735,3,male,28.0,S,0,16.1
736,3,female,48.0,S,0,34.375
737,1,male,35.0,C,1,65.6344
738,3,male,29.0,S,0,7.8958
739,3,male,29.0,S,0,7.8958
740,1,male,29.0,S,1,30.0
741,1,male,36.0,S,0,65.6344
742,1,female,21.0,C,1,65.6344
743,3,male,24.0,S,0,16.1
744,3,male,31.0,S,1,7.925
745,1,male,54.5,S,0,65.6344
746,3,male,16.0,S,0,20.25
747,2,female,30.0,S,1,13.0
748,1,male,19.0,S,0,53.1
749,3,male,31.0,Q,0,7.75
750,2,female,4.0,S,1,23.0
751,3,male,6.0,S,1,12.475
752,3,male,33.0,S,0,9.5
753,3,male,23.0,S,0,7.8958
754,2,female,48.0,S,1,65.0
755,2,male,2.5,S,1,14.5
756,3,male,28.0,S,0,7.7958
757,2,male,18.0,S,0,11.5
758,3,male,34.0,S,0,8.05
759,1,female,33.0,S,1,65.6344
760,3,male,29.0,S,0,14.5
761,3,male,41.0,S,0,7.125
762,3,male,20.0,C,1,7.2292
763,1,female,36.0,S,1,65.6344
764,3,male,16.0,S,0,7.775
765,1,female,51.0,S,1,65.6344
766,1,male,29.0,C,0,39.6
767,3,female,30.0,Q,0,7.75
768,3,male,29.0,Q,0,24.15
769,3,male,32.0,S,0,8.3625
770,3,male,24.0,S,0,9.5
771,3,male,48.0,S,0,7.8542
772,2,female,54.5,S,0,10.5
773,3,male,29.0,C,0,7.225
774,2,female,54.0,S,1,23.0
775,3,male,18.0,S,0,7.75
776,3,male,29.0,Q,0,7.75
777,3,female,5.0,S,1,12.475
778,3,male,29.0,Q,0,7.7375
779,1,female,43.0,S,1,65.6344
780,3,female,13.0,C,1,7.2292
781,1,female,17.0,S,1,57.0
782,1,male,29.0,S,0,30.0
783,3,male,29.0,S,0,23.45
784,3,male,25.0,S,0,7.05
785,3,male,25.0,S,0,7.25
786,3,female,18.0,S,1,7.4958
787,3,male,8.0,Q,0,29.125
788,3,male,2.5,S,1,20.575
789,1,male,46.0,C,0,65.6344
790,3,male,29.0,Q,0,7.75
791,2,male,16.0,S,0,26.0
792,3,female,29.0,S,0,65.6344
793,1,male,29.0,C,0,30.6958
794,3,male,25.0,S,0,7.8958
795,2,male,39.0,S,0,13.0
796,1,female,49.0,S,1,25.9292
797,3,female,31.0,S,1,8.6833
798,3,male,30.0,C,0,7.2292
799,3,female,30.0,S,0,24.15
800,2,male,34.0,S,0,13.0
801,2,female,31.0,S,1,26.25
802,1,male,11.0,S,1,65.6344
803,3,male,2.5,C,1,8.5167
804,3,male,27.0,S,1,6.975
805,3,male,31.0,S,0,7.775
806,1,male,39.0,S,0,0.0
807,3,female,18.0,S,0,7.775
808,2,male,39.0,S,0,13.0
809,1,female,33.0,S,1,53.1
810,3,male,26.0,S,0,7.8875
811,3,male,39.0,S,0,24.15
812,2,male,35.0,S,0,10.5
813,3,female,6.0,S,0,31.275
814,3,male,30.0,S,0,8.05
815,1,male,29.0,S,0,0.0
816,3,female,23.0,S,0,7.925
817,2,male,31.0,C,0,37.0042
818,3,male,43.0,S,0,6.45
819,3,male,10.0,S,0,27.9
820,1,female,52.0,S,1,65.6344
821,3,male,27.0,S,1,8.6625
822,1,male,38.0,S,0,0.0
823,3,female,27.0,S,1,12.475
824,3,male,2.5,S,0,39.6875
825,3,male,29.0,Q,0,6.95
826,3,male,29.0,S,0,56.4958
827,2,male,2.5,C,1,37.0042
828,3,male,29.0,Q,1,7.75
829,1,female,54.5,S,1,65.6344
830,3,female,15.0,C,1,14.4542
831,2,male,2.5,S,1,18.75
832,3,male,29.0,C,0,7.2292
833,3,male,23.0,S,0,7.8542
834,3,male,18.0,S,0,8.3
835,1,female,39.0,C,1,65.6344
836,3,male,21.0,S,0,8.6625
837,3,male,29.0,S,0,8.05
838,3,male,32.0,S,1,56.4958
839,1,male,29.0,C,1,29.7
840,3,male,20.0,S,0,7.925
841,2,male,16.0,S,0,10.5
842,1,female,30.0,C,1,31.0
843,3,male,34.0,C,0,6.4375
844,3,male,17.0,S,0,8.6625
845,3,male,42.0,S,0,7.55
846,3,male,29.0,S,0,65.6344
847,3,male,35.0,C,0,7.8958
848,2,male,28.0,S,0,33.0
849,1,female,29.0,C,1,65.6344
850,3,male,4.0,S,0,31.275
851,3,male,54.5,S,0,7.775
852,3,female,9.0,C,0,15.2458
853,1,female,16.0,S,1,39.4
854,2,female,44.0,S,0,26.0
855,3,female,18.0,S,1,9.35
856,1,female,45.0,S,1,65.6344
857,1,male,51.0,S,1,26.55
858,3,female,24.0,C,1,19.2583
859,3,male,29.0,C,0,7.2292
860,3,male,41.0,S,0,14.1083
861,2,male,21.0,S,0,11.5
862,1,female,48.0,S,1,25.9292
863,3,female,29.0,S,0,65.6344
864,2,male,24.0,S,0,13.0
865,2,female,42.0,S,1,13.0
866,2,female,27.0,C,1,13.8583
867,1,male,31.0,S,0,50.4958
868,3,male,29.0,S,0,9.5
869,3,male,4.0,S,1,11.1333
870,3,male,26.0,S,0,7.8958
871,1,female,47.0,S,1,52.5542
872,1,male,33.0,S,0,5.0
873,3,male,47.0,S,0,9.0
874,2,female,28.0,C,1,24.0
875,3,female,15.0,C,1,7.225
876,3,male,20.0,S,0,9.8458
877,3,male,19.0,S,0,7.8958
878,3,male,29.0,S,0,7.8958
879,1,female,54.5,C,1,65.6344
880,2,female,25.0,S,1,26.0
881,3,male,33.0,S,0,7.8958
882,3,female,22.0,S,0,10.5167
883,2,male,28.0,S,0,10.5
884,3,male,25.0,S,0,7.05
885,3,female,39.0,Q,0,29.125
886,2,male,27.0,S,0,13.0
887,1,female,19.0,S,1,30.0
888,3,female,29.0,S,0,23.45
889,1,male,26.0,C,1,30.0
890,3,male,32.0,Q,0,7.75
